,iter_id,drnet_PEHE_out,drnet_ATE_metric_out,drnet_PEHE_in,drnet_ATE_metric_in
0,0,0.32713647088878367,0.0158508041407913,0.3187151541813898,0.020331181996101677
